"0","#result_frailty <- global_search_cox_cv(data, time_var = ""fu_total_yr"", event_var = ""survival"", "
"0","#                                       covariates = covariates, frailty = ""patient_ID"")"
"0","result_frailty <- read.csv(""frailty_result.csv"")"
"0",""
"0","result_frailty %>%"
"0","  mutate_if(is.numeric, round, 2) %>%"
"0","  mutate(across(everything(), ~ifelse(is.na(.), ""-"", .))) %>%"
"0","  kbl(booktabs = TRUE, caption = ""Model Selection Results - with Shared Frailty"") %>%"
"0","  column_spec(2, width = ""8cm"") %>% # 2번째 컬럼(모델 설명 컬럼) 폭 조정"
"0","  kable_styling(latex_options = c(""striped""), full_width = FALSE, position = ""center"")"
