"0",""
"0","# 1. Python에서 생성한 데이터 불러오기"
"0","train_test_split <- read_csv(""train_test_split.csv"", show_col_types = FALSE)"
"0","kfold_indices <- read_csv(""kfold_indices.csv"", show_col_types = FALSE)"
"0",""
"0","# 2. 원본 데이터 불러오기 (데이터셋 이름: data)"
"0","data <- data %>%"
"0","  mutate("
"0","    age_under_40 = ifelse(Age_group == ""Under 40"", 1, 0),"
"0","    age_btw_40_59 = ifelse(Age_group == ""40-59"", 1, 0)"
"0","  )"
"0",""
"0","# 3. KFold Cross Validation을 통해 Concordance Index 계산"
"0","unique_folds <- sort(unique(kfold_indices$fold))"
"0","cindex_results_fixed <- c()"
"0","cindex_results_td <- c()"
"0",""
"0","for (fold in unique_folds) {"
"0","  # cat(""Processing Fold:"", fold, ""\n"")"
"0","  "
"0","  # Training & Validation 데이터 분할"
"0","  train_idx <- kfold_indices$index[kfold_indices$fold != fold]  # Training set"
"0","  val_idx   <- kfold_indices$index[kfold_indices$fold == fold]  # Validation set"
"0",""
"0","  train_data <- data[train_idx, ]"
"0","  val_data   <- data[val_idx, ]"
"0","  "
"0","  # 4. Cox 모델 학습 (고정 변수 모델)"
"0","  multivariate_model <- coxph(Surv(fu_total_yr, survival) ~"
"0","                                Age_group + type_of_disability_Group2 + tooth_loss_reason + "
"0","                                implant_site + prosthesis_type + periodontal_diagnosis_group, "
"0","                              data = train_data)"
"0","  "
"0","  # 5. Cox 모델 학습 (Time-dependent 변수 포함)"
"0","  cox_model_fixed <- coxph(Surv(fu_total_yr, survival) ~ "
"0","                                 age_under_40 + age_btw_40_59 + type_of_disability_Group2 + tooth_loss_reason + "
"0","                                 implant_site + prosthesis_type + periodontal_diagnosis_group"
"0","                                 + tt(age_under_40) + tt(age_btw_40_59), "
"0","                           data = train_data, tt = function(x, t, ...) x * t)"
"0","  "
"0","  # 6. Validation 데이터에서 Concordance Index 계산"
"0","  pred_risk <- predict(multivariate_model, newdata = val_data, type = ""lp"")"
"0","  surv_obj_test <- Surv(val_data$fu_total_yr, val_data$survival)"
"0","  cindex_fixed <- survConcordance(surv_obj_test ~ pred_risk)$concordance"
"0","  "
"0",""
"0",""
"0","  pred_risk <- predict(cox_model_fixed, newdata = val_data, type = ""lp"")"
"0","  surv_obj_test <- Surv(val_data$fu_total_yr, val_data$survival)"
"0","  cindex_td <- survConcordance(surv_obj_test ~ pred_risk)$concordance"
"0","  "
"0","  "
"0","  # 7. 결과 저장"
"0","  cindex_results_fixed <- c(cindex_results_fixed, cindex_fixed)"
"0","  cindex_results_td <- c(cindex_results_td, cindex_td)"
"0","}"
"0",""
"0","# 8. 최종 Concordance Index 평균 출력"
"0","#cat(""Average Concordance Index (Fixed Model):"", mean(cindex_results_fixed), ""\n"")"
"0","#cat(""Average Concordance Index (Time-Dependent Model):"", mean(cindex_results_td), ""\n"")"
"0",""
