"Criterion","model","AIC","BIC","C_index","AUC"
"AIC","Age_group + type_of_disability_Group2 + compliance_with_SPT + Systemic_disease + tooth_loss_reason + implant_diameter_group + implant_site + periodontal_diagnosis_group",385.255974369598,456.761675643842,0.614555096474192,NA
"BIC","Age_group + type_of_disability_Group2 + compliance_with_SPT + Systemic_disease + tooth_loss_reason + implant_diameter_group + implant_site + periodontal_diagnosis_group",385.255974369598,456.761675643842,0.614555096474192,NA
"C_index","type_of_disability_Group2 + tooth_loss_reason + implant_length_group + implant_site + prosthesis_type + periodontal_diagnosis_group",408.83127239747,511.250381961152,0.808024183301352,NA
"AUC","Age_group + bone_augmentation_procedure + tooth_loss_reason + implant_length_group + prosthesis_type + periodontal_diagnosis_group",441.213463830322,561.258234400967,0.585463189872399,0.677592275221148
