"Criterion","model","AIC","BIC","C_index","AUC"
"AIC","Age_group + type_of_disability_Group2 + tooth_loss_reason + implant_site + prosthesis_type + periodontal_diagnosis_group",364.07592157608,374.336072895679,0.65805222948541,NA
"BIC","type_of_disability_Group2 + tooth_loss_reason + implant_site",367.640054779815,372.037262488214,0.640321128230547,NA
"C_index","type_of_disability_Group2 + Systemic_disease + tooth_loss_reason + implant_site + prosthesis_type + periodontal_diagnosis_group",367.886050861134,376.680466277932,0.773891207310124,NA
"AUC","Age_group + type_of_disability_Group2 + compliance_with_SPT + Systemic_disease + bone_augmentation_procedure + tooth_loss_reason + periodontal_diagnosis_group",382.598695183531,394.324582405929,0.551210818923533,0.646580649126833
