"0",""
"0","# TabNet 5-Fold Cross Validation 결과 데이터 생성"
"0","results <- data.frame("
"0","  Fold = c(0, 1, 2, 3, 4),"
"0","  C_Index = c(0.5501, 0.5207, 0.6770, 0.6232, 0.7807),"
"0","  Mean_AUC = c(NA, 0.5479, 0.7701, 0.7506, 0.8289),"
"0","  IBS = c(0.0743, 0.0267, 0.0476, 0.0462, 0.0461)"
"0",")"
"0",""
"0","# 테이블 정리 및 스타일 적용"
"0","results %>%"
"0","  mutate(across(everything(), ~ifelse(is.na(.), ""-"", .))) %>%  "
"0","  kbl(booktabs = TRUE) %>% "
"0","  kable_styling(latex_options = c(""HOLD_position"", ""striped""), full_width = FALSE)"
