"0",""
"0","# Schoenfeld 잔차 데이터 추출 및 변환"
"0","schoenfeld_residuals <- as.data.frame(NPH_CHECK$y)"
"0","schoenfeld_residuals$Time <- NPH_CHECK$x  # 시간 추가"
"0","schoenfeld_residuals <- pivot_longer(schoenfeld_residuals, cols = -Time, names_to = ""Variable"", values_to = ""Residual"")"
"0",""
"0","# 원하는 변수 순서 정의"
"0","variable_order <- c(""Age_group"", ""type_of_disability_Group2"", ""tooth_loss_reason"", "
"0","                    ""implant_site"", ""prosthesis_type"", ""periodontal_diagnosis_group"")"
"0",""
"0","# 변수 순서를 factor로 지정"
"0","schoenfeld_residuals$Variable <- factor(schoenfeld_residuals$Variable, levels = variable_order)"
"0",""
"0","# ggplot2 시각화 (직선 추가)"
"0","ggplot(schoenfeld_residuals, aes(x = Time, y = Residual)) +"
"0","  geom_point(alpha = 0.6) + "
"0","  geom_smooth(method = ""loess"", se = TRUE, color = ""blue"", span = 2) + "
"0","  facet_wrap(~ Variable, scales = ""free_y"") +  # 변수 순서 적용된 facet_wrap"
"0","  labs(title = ""Schoenfeld Residuals for Proportional Hazards Assumption"","
"0","       x = ""Time"","
"0","       y = ""Scaled Schoenfeld Residuals"") +"
"0","  theme(legend.position = ""none"")"
