"0",""
"0","results <- tibble("
"0","  Fold = c(0, 1, 2, 3, 4),"
"0","  C_Index = c(0.5951, 0.7051, 0.6112, 0.7808, 0.9135),"
"0","  Mean_AUC = c(NA, 0.7196, 0.6664, 0.8383, 0.9445),"
"0","  IBS = c(0.0665, 0.0255, 0.0503, 0.0398, 0.0398)"
"0",")"
"0",""
"0","results %>%"
"0","  mutate_if(is.numeric, round, 2) %>%"
"0","  mutate(across(everything(), ~ifelse(is.na(.), ""-"", .))) %>%"
"0","  kbl(booktabs = TRUE) %>%"
"0","  kable_styling(latex_options = c(""HOLD_position"", ""striped""), full_width = FALSE)"
