"0","# Step 1: 변수 더미화 (Dummy Variable Transformation)"
"0","data <- data %>%"
"0","  mutate("
"0","    age_under_40 = ifelse(Age_group == ""Under 40"", 1, 0),"
"0","    age_btw_40_59 = ifelse(Age_group == ""40-59"", 1, 0)"
"0","  )"
"0",""
"0","# Step 2: 시간의존적 효과를 포함한 Cox 모델 적합"
"0","cox_model_fixed <- coxph(Surv(fu_total_yr, survival) ~ age_under_40 + age_btw_40_59 + "
"0","                           type_of_disability_Group2 + tooth_loss_reason + "
"0","                           implant_site + prosthesis_type + "
"0","                           periodontal_diagnosis_group + "
"0","                           tt(age_under_40) + tt(age_btw_40_59), "
"0","                         data = data, tt=function(x,t,...) x*t)"
