"0","# 다변량 Cox 회귀 분석 (shared frailty 고려X, AIC 기준, 변수 선택 (4.2.1 참고) )"
"0","multivariate_model <- coxph(Surv(fu_total_yr, survival) ~"
"0","                              Age_group + type_of_disability_Group2 + tooth_loss_reason + "
"0","                              implant_site + prosthesis_type + periodontal_diagnosis_group,"
"0","                              data = data)"
"0",""
"0","# Schoenfeld 잔차 검정 수행"
"0","NPH_CHECK <- cox.zph(multivariate_model) "
