"0","results <- data_frame("
"0","  Fold = c(0, 1, 2, 3, 4),"
"0","  C_Index = c(0.5553, 0.7281, 0.5400, 0.8207, 0.8813),"
"0","  Mean_AUC = c(NA, 0.7263, 0.5859, 0.8680, 0.9061),"
"0","  IBS = c(0.0723, 0.0277, 0.0484, 0.0424, 0.0441)"
"0",")"
"0",""
"0","results %>%"
"0","  mutate_if(is.numeric, round, 2) %>%"
"0","  mutate(across(everything(), ~ifelse(is.na(.), ""-"", .))) %>%"
"0","  kbl(booktabs = TRUE) %>%"
"0","  kable_styling(latex_options = c(""HOLD_position"", ""striped""), full_width = FALSE)"
