"0",""
"0","# 데이터 생성"
"0","chisq_results <- data.frame("
"0","  Variable = c(""Age_group"", ""type_of_disability_Group2"", ""tooth_loss_reason"","
"0","               ""implant_site"", ""prosthesis_type"", ""periodontal_diagnosis_group"", ""GLOBAL""),"
"0","  Chisq = c(6.72, 2.45, 2.45, 3.85, 0.32, 3.42, 18.02),"
"0","  df = c(2, 1, 1, 1, 1, 1, 7),"
"0","  p_value = c(0.035, 0.118, 0.118, 0.050, 0.571, 0.064, 0.012)"
"0",")"
"0",""
"0","# 테이블 출력"
"0","kable(chisq_results, caption = ""Schoenfeld 잔차 검정 결과"")"
