"0","# 결측값 확인 함수 정의"
"0","check_missing <- function(data, covariates, delete = FALSE) {"
"0","  "
"0","  # 결측값 개수 확인"
"0","  missing_counts <- data %>%"
"0","    select(all_of(covariates)) %>%"
"0","    summarise_all(~ sum(is.na(.))) %>%"
"0","    t() %>%"
"0","    as.data.frame()"
"0","  "
"0","  colnames(missing_counts) <- ""missing_count"""
"0","  missing_counts$variable <- rownames(missing_counts)"
"0","  rownames(missing_counts) <- NULL"
"0","  "
"0","  # delete = TRUE일 경우 결측값이 있는 행 삭제"
"0","  if (delete) {"
"0","    data <- data %>% filter(if_all(all_of(covariates), ~ !is.na(.)))"
"0","    message(nrow(data), "" rows remaining after deletion."")"
"0","    return(data)"
"0","  } else {"
"0","    return(missing_counts)"
"0","  }"
"0","}"
"0",""
"0","# 생존곡선 도사 함수"
"0","plot_survival_analysis <- function(data, time_var, event_var, covariate = NULL, alpha = 0.05, ylim = c(0, 1)) {"
"0",""
"0","  # 생존 객체 명시적 정의"
"0","  data$time_var_internal <- data[[time_var]]"
"0","  data$event_var_internal <- data[[event_var]]"
"0","  surv_obj <- Surv(time = data$time_var_internal, event = data$event_var_internal)"
"0",""
"0","  if (is.null(covariate)) {"
"0","    fit <- survfit(Surv(time = data$time_var_internal, event = data$event_var_internal) ~ 1, data = data, conf.type = ""plain"")"
"0",""
"0","    p <- ggsurvplot("
"0","      fit,"
"0","      data = data,"
"0","      conf.int = TRUE,"
"0","      conf.int.fill = ""lightblue"","
"0","      ylim = ylim,"
"0","      ggtheme = theme_minimal(),"
"0","      title = ""Kaplan-Meier Estimate with 95% CI"","
"0","      xlab = ""Time"","
"0","      ylab = ""Survival Probability S(t)"","
"0","      legend = ""none"""
"0","    )"
"0",""
"0","    print(p)"
"0",""
"0","  } else {"
"0","    significant_vars <- list()"
"0",""
"0","    # 유의한 공변량 탐색"
"0","    for (var in covariate) {"
"0","      groups <- as.factor(data[[var]])"
"0","      logrank_test <- survdiff(surv_obj ~ groups)"
"0","      p_value <- 1 - pchisq(logrank_test$chisq, length(logrank_test$n) - 1)"
"0",""
"0","      if (p_value < alpha) {"
"0","        significant_vars[[var]] <- p_value"
"0","      }"
"0","    }"
"0",""
"0","    if (length(significant_vars) == 0) {"
"0","      cat(""\n유의한 변수가 없습니다. (alpha ="", alpha, "")\n"")"
"0","      return(NULL)"
"0","    }"
"0",""
"0","    num_vars <- length(significant_vars)"
"0","    layout_rows <- ceiling(sqrt(num_vars))"
"0","    layout_cols <- ceiling(num_vars / layout_rows)"
"0",""
"0","    plot_list <- list()"
"0",""
"0","    # 유의한 각 변수에 대해 KM 곡선 그리기"
"0","    for (var in names(significant_vars)) {"
"0","      data$group_var_internal <- as.factor(data[[var]])"
"0","      fit <- survfit(Surv(time_var_internal, event_var_internal) ~ group_var_internal, data = data)"
"0",""
"0","      p <- ggsurvplot("
"0","        fit,"
"0","        data = data,"
"0","        risk.table = FALSE,"
"0","        conf.int = FALSE,"
"0","        palette = ""Dark2"","
"0","        ylim = ylim,"
"0","        ggtheme = theme_minimal(),"
"0","        title = var,"
"0","        xlab = ""Time"","
"0","        ylab = ""Survival Probability S(t)"","
"0","        legend.title = var,"
"0","        legend.labs = levels(data$group_var_internal)"
"0","      )"
"0",""
"0","      plot_list[[var]] <- p$plot"
"0","    }"
"0",""
"0","    # 여러 그래프를 하나로 배치"
"0","    grid.arrange(grobs = plot_list, nrow = layout_rows, ncol = layout_cols)"
"0","  }"
"0","}"
"0",""
"0","# global_search를 통한 best model seletion 함수"
"0","global_search_cox_cv <- function(data, time_var, event_var, covariates, frailty = NULL, "
"0","                                 cv_folds = 5, time_points = seq(1, 10, by = 1), seed = 1234) {"
"0","  set.seed(seed)"
"0","  "
"0","  covar_combinations <- unlist(lapply(1:length(covariates), function(x) combn(covariates, x, simplify = FALSE)), recursive = FALSE)"
"0","  "
"0","  cl <- makeCluster(detectCores() - 1)"
"0","  registerDoParallel(cl)"
"0","  "
"0","  results <- foreach(covars = covar_combinations, .combine = rbind, .packages = c(""survival"", ""caret"", ""dplyr"", ""timeROC"")) %dopar% {"
"0","    tryCatch({"
"0","      covar_formula <- if (length(covars) > 0) paste(covars, collapse = "" + "") else ""1"""
"0","      "
"0","      frailty_term <- if (!is.null(frailty)) paste0("" + frailty("", frailty, "")"") else """""
"0","      "
"0","      formula <- as.formula(paste0("
"0","        ""Surv("", time_var, "", "", event_var, "") ~ "", covar_formula, frailty_term"
"0","      ))"
"0","      "
"0","      # AIC, BIC (전체 데이터)"
"0","      full_model <- coxph(formula, data = data, x = TRUE)"
"0","      AIC_value <- AIC(full_model)"
"0","      BIC_value <- BIC(full_model)"
"0","      "
"0","      # C-index, AUC (CV로 계산)"
"0","      c_index_values <- c()"
"0","      auc_values <- c()"
"0","      "
"0","      folds <- createFolds(data[[event_var]], k = cv_folds, list = TRUE)"
"0","      "
"0","      for (fold_idx in seq_along(folds)) {"
"0","        train_data <- data[-folds[[fold_idx]], ]"
"0","        test_data <- data[folds[[fold_idx]], ]"
"0","        "
"0","        cv_model <- coxph(formula, data = train_data, x = TRUE)"
"0","        "
"0","        # C-index"
"0","        pred_risk <- predict(cv_model, newdata = test_data, type = ""lp"")"
"0","        surv_obj_test <- Surv(test_data[[time_var]], test_data[[event_var]])"
"0","        c_index <- survConcordance(surv_obj_test ~ pred_risk)$concordance"
"0","        c_index_values <- c(c_index_values, c_index)"
"0","        "
"0","        # AUC 계산"
"0","        auc_result <- tryCatch({"
"0","          roc_curve <- timeROC("
"0","            T = test_data[[time_var]],                    "
"0","            delta = test_data[[event_var]],              "
"0","            marker = pred_risk,              "
"0","            cause = 1,                        "
"0","            times = time_points,              "
"0","            iid = TRUE                        "
"0","          )"
"0","          mean(roc_curve$AUC, na.rm = TRUE)"
"0","        }, error = function(e) NA)"
"0","        "
"0","        auc_values <- c(auc_values, auc_result)"
"0","      }"
"0","      "
"0","      data.frame("
"0","        ㅡodel = paste(covars, collapse = "" + ""),"
"0","        AIC = AIC_value,"
"0","        BIC = BIC_value,"
"0","        C_index = mean(c_index_values, na.rm = TRUE),"
"0","        AUC = mean(auc_values, na.rm = TRUE)"
"0","      )"
"0","      "
"0","    }, error = function(e) {"
"0","      NULL"
"0","    })"
"0","  }"
"0","  "
"0","  stopCluster(cl)"
"0","  "
"0","  if (nrow(results) == 0) {"
"0","    cat(""\n모든 조합에서 에러가 발생하여 결과가 없습니다.\n"")"
"0","    return(NULL)"
"0","  }"
"0",""
"0","  # best 모델들 정보와 성능 지표 출력"
"0","  best_models <- bind_rows("
"0","    results %>% slice(which.min(AIC)) %>% mutate(Criterion = ""AIC""),"
"0","    results %>% slice(which.min(BIC)) %>% mutate(Criterion = ""BIC""),"
"0","    results %>% slice(which.max(C_index)) %>% mutate(Criterion = ""C_index""),"
"0","    results %>% slice(which.max(AUC)) %>% mutate(Criterion = ""AUC"")  # AUC 기반 모델 추가"
"0","  ) %>%"
"0","    select(Criterion, Ｍodel, AIC, BIC, C_index, AUC)"
"0",""
"0","  return(best_models)"
"0","}"
"0",""
"0","# Cox-Snell residual을 이용한 모델 진단 함수"
"0","cox_snell_diagnosis <- function(data, time_var, event_var, covariates) {"
"0","  "
"0","  # Cox 모델 적합"
"0","  formula <- as.formula(paste0(""Surv("", time_var, "", "", event_var, "") ~ "", paste(covariates, collapse = ""+"")))"
"0","  cox_model <- coxph(formula, data = data, x = TRUE)"
"0","  "
"0","  # Cox-Snell 잔차 계산"
"0","  cox_snell_residuals <- residuals(cox_model, type = ""martingale"")"
"0","  cs_residuals <- -(cox_snell_residuals - 1)"
"0","  "
"0","  # Cox-Snell 잔차를 이용한 생존 객체 생성"
"0","  surv_obj <- Surv(cs_residuals, event = data[[event_var]])"
"0","  "
"0","  # Kaplan-Meier 추정"
"0","  km_fit <- survfit(surv_obj ~ 1)"
"0","  "
"0","  # 누적위험함수 계산"
"0","  cum_hazard <- -log(km_fit$surv)"
"0","  "
"0","  # 데이터 프레임 생성"
"0","  df <- data.frame("
"0","    time = km_fit$time,"
"0","    cum_hazard = cum_hazard"
"0","  )"
"0","  "
"0","  # ggplot으로 그래프 그리기"
"0","  plot <- ggplot(df, aes(x = time, y = cum_hazard)) +"
"0","    geom_step(color = ""steelblue"", linewidth = 1.2) +"
"0","    geom_abline(intercept = 0, slope = 1, color = ""red"", linetype = ""dashed"", linewidth = 1) +"
"0","    labs("
"0","      title = ""Cox-Snell Residuals Model Diagnosis"","
"0","      x = ""Cox-Snell Residuals"","
"0","      y = ""Cumulative Hazard"""
"0","    ) +"
"0","    theme_minimal() +"
"0","    theme("
"0","      plot.title = element_text(size = 16, face = ""bold"", hjust = 0.5),"
"0","      axis.title = element_text(size = 14)"
"0","    )"
"0","  "
"0","  return(print(plot))"
"0","}"
