{"chunk_definitions":[{"row":22,"row_count":1,"visible":true,"expansion_state":0,"options":{"engine":"r","label":"setup","include":false,"dev":"png"},"document_id":"029F5583","chunk_id":"csetup_chunk","chunk_label":"setup"},{"row":119,"row_count":1,"visible":true,"expansion_state":0,"options":{"engine":"r","include":false,"label":"unnamed-chunk-1","dev":"png"},"document_id":"029F5583","chunk_id":"cywprkam5otzn","chunk_label":"unnamed-chunk-1"},{"row":141,"row_count":1,"visible":true,"expansion_state":0,"options":{"engine":"r","echo":false,"label":"unnamed-chunk-2","dev":"png"},"document_id":"029F5583","chunk_id":"cfqv2941gbjhp","chunk_label":"unnamed-chunk-2"},{"row":382,"row_count":1,"visible":true,"expansion_state":0,"options":{"engine":"r","echo":false,"label":"unnamed-chunk-3","dev":"png"},"document_id":"029F5583","chunk_id":"cqfk21k2p84xo","chunk_label":"unnamed-chunk-3"},{"row":479,"row_count":1,"visible":true,"expansion_state":0,"options":{"engine":"r","label":"unnamed-chunk-4","dev":"png"},"document_id":"029F5583","chunk_id":"cpo8acal8c384","chunk_label":"unnamed-chunk-8"},{"row":489,"row_count":1,"visible":true,"expansion_state":0,"options":{"engine":"r","echo":false,"label":"unnamed-chunk-5","dev":"png"},"document_id":"029F5583","chunk_id":"ckawcwssu1muh","chunk_label":"unnamed-chunk-9"},{"row":498,"row_count":1,"visible":true,"expansion_state":0,"options":{"engine":"r","label":"unnamed-chunk-6","dev":"png"},"document_id":"029F5583","chunk_id":"cxhwx9mkypk4s","chunk_label":"unnamed-chunk-10"},{"row":633,"row_count":1,"visible":true,"expansion_state":0,"options":{"engine":"r","fig.width":8,"fig.height":5,"out.width":"60%","fig.align":"center","echo":false,"label":"unnamed-chunk-7","dev":"png"},"document_id":"029F5583","chunk_id":"cqado0llz44fy","chunk_label":"unnamed-chunk-11"},{"row":648,"row_count":1,"visible":true,"expansion_state":0,"options":{"engine":"r","echo":false,"out.width":"75%","fig.align":"center","label":"unnamed-chunk-8","dev":"png"},"document_id":"029F5583","chunk_id":"ca1t6fgj6grwi","chunk_label":"unnamed-chunk-12"},{"row":668,"row_count":1,"visible":true,"expansion_state":0,"options":{"engine":"r","echo":false,"label":"unnamed-chunk-10","dev":"png"},"document_id":"029F5583","chunk_id":"cka8fcfjqemhi","chunk_label":"unnamed-chunk-13"},{"row":690,"row_count":1,"visible":true,"expansion_state":0,"options":{"engine":"r","echo":false,"label":"unnamed-chunk-11","dev":"png"},"document_id":"029F5583","chunk_id":"ckjecdcfpp76j","chunk_label":"unnamed-chunk-14"},{"row":713,"row_count":1,"visible":true,"expansion_state":0,"options":{"engine":"r","fig.width":8,"fig.height":5,"out.width":"60%","fig.align":"center","echo":false,"label":"unnamed-chunk-12","dev":"png"},"document_id":"029F5583","chunk_id":"c299g1vnlon2k","chunk_label":"unnamed-chunk-15"},{"row":749,"row_count":1,"visible":true,"expansion_state":0,"options":{"engine":"r","echo":false,"fig.align":"center","out.width":"40%","label":"unnamed-chunk-13","dev":"png"},"document_id":"029F5583","chunk_id":"c3eakod6vo72t","chunk_label":"unnamed-chunk-16"},{"row":916,"row_count":1,"visible":true,"expansion_state":0,"options":{"engine":"r","echo":false,"fig.align":"center","out.width":"80%","label":"unnamed-chunk-14","dev":"png"},"document_id":"029F5583","chunk_id":"c88n7flbjoe95","chunk_label":"unnamed-chunk-17"},{"row":953,"row_count":1,"visible":true,"expansion_state":0,"options":{"engine":"r","echo":false,"show_col_types":false,"label":"unnamed-chunk-15","dev":"png"},"document_id":"029F5583","chunk_id":"cchs4dulfvyy1","chunk_label":"unnamed-chunk-18"},{"row":972,"row_count":1,"visible":true,"expansion_state":0,"options":{"engine":"r","echo":false,"message":false,"label":"unnamed-chunk-16","dev":"png"},"document_id":"029F5583","chunk_id":"c6xprzzzquxl2","chunk_label":"unnamed-chunk-19"},{"row":987,"row_count":1,"visible":true,"expansion_state":0,"options":{"engine":"r","echo":false,"show_col_types":false,"label":"unnamed-chunk-17","dev":"png"},"document_id":"029F5583","chunk_id":"cndz1wgzfhdw7","chunk_label":"unnamed-chunk-20"},{"row":999,"row_count":1,"visible":true,"expansion_state":0,"options":{"engine":"r","echo":false,"fig.align":"center","out.width":"70%","label":"unnamed-chunk-18","dev":"png"},"document_id":"029F5583","chunk_id":"c124x4vmd8qox","chunk_label":"unnamed-chunk-21"},{"row":1049,"row_count":1,"visible":true,"expansion_state":0,"options":{"engine":"r","echo":false,"show_col_types":false,"label":"unnamed-chunk-19","dev":"png"},"document_id":"029F5583","chunk_id":"cwbdo72hw8tby","chunk_label":"unnamed-chunk-22"},{"row":1063,"row_count":1,"visible":true,"expansion_state":0,"options":{"engine":"r","echo":false,"message":false,"label":"unnamed-chunk-20","dev":"png"},"document_id":"029F5583","chunk_id":"chfs7tb9m5vc4","chunk_label":"unnamed-chunk-23"},{"row":1080,"row_count":1,"visible":true,"expansion_state":0,"options":{"engine":"r","echo":false,"message":false,"label":"unnamed-chunk-21","dev":"png"},"document_id":"029F5583","chunk_id":"ce4973vmw1aji","chunk_label":"unnamed-chunk-24"},{"row":1090,"row_count":1,"visible":true,"expansion_state":0,"options":{"engine":"r","echo":false,"fig.align":"center","out.width":"70%","label":"unnamed-chunk-22","dev":"png"},"document_id":"029F5583","chunk_id":"c2ptfqw3pwglo","chunk_label":"unnamed-chunk-25"},{"row":1125,"row_count":1,"visible":true,"expansion_state":0,"options":{"engine":"r","echo":false,"show_col_types":false,"label":"unnamed-chunk-23","dev":"png"},"document_id":"029F5583","chunk_id":"ctly9l0b4t1r5","chunk_label":"unnamed-chunk-26"},{"row":1144,"row_count":1,"visible":true,"expansion_state":0,"options":{"engine":"r","echo":false,"message":false,"show_col_types":false,"label":"unnamed-chunk-24","dev":"png"},"document_id":"029F5583","chunk_id":"cvs9b3zzxm33a","chunk_label":"unnamed-chunk-27"},{"row":1158,"row_count":1,"visible":true,"expansion_state":0,"options":{"engine":"r","echo":false,"message":false,"label":"unnamed-chunk-25","dev":"png"},"document_id":"029F5583","chunk_id":"cv7ysbiwmjulv","chunk_label":"unnamed-chunk-28"},{"row":1175,"row_count":1,"visible":true,"expansion_state":0,"options":{"engine":"r","echo":false,"message":false,"label":"unnamed-chunk-26","dev":"png"},"document_id":"029F5583","chunk_id":"c2ce0roho7w95","chunk_label":"unnamed-chunk-29"},{"row":1185,"row_count":1,"visible":true,"expansion_state":0,"options":{"engine":"r","echo":false,"fig.align":"center","out.width":"70%","label":"unnamed-chunk-27","dev":"png"},"document_id":"029F5583","chunk_id":"c3nezo8wkxg96","chunk_label":"unnamed-chunk-30"},{"row":1275,"row_count":1,"visible":true,"expansion_state":0,"options":{"engine":"r","label":"unnamed-chunk-28","dev":"png"},"document_id":"029F5583","chunk_id":"cnzz3h5ijsy0t","chunk_label":"unnamed-chunk-31"},{"row":1291,"row_count":1,"visible":true,"expansion_state":0,"options":{"engine":"r","echo":false,"label":"unnamed-chunk-29","dev":"png"},"document_id":"029F5583","chunk_id":"cv9t1kyzgxbts","chunk_label":"unnamed-chunk-32"},{"row":1326,"row_count":1,"visible":true,"expansion_state":0,"options":{"engine":"r","fig.align":"center","echo":false,"message":false,"label":"unnamed-chunk-30","dev":"png"},"document_id":"029F5583","chunk_id":"c35i4oc84zrrj","chunk_label":"unnamed-chunk-33"},{"row":1380,"row_count":1,"visible":true,"expansion_state":0,"options":{"engine":"r","label":"unnamed-chunk-31","dev":"png"},"document_id":"029F5583","chunk_id":"c591va1c33xfz","chunk_label":"unnamed-chunk-34"},{"row":1469,"row_count":1,"visible":true,"expansion_state":0,"options":{"engine":"r","include":false,"eval":false,"warning":false,"label":"unnamed-chunk-32","dev":"png"},"document_id":"029F5583","chunk_id":"cx8gqu707j6m0","chunk_label":"unnamed-chunk-35"}],"doc_write_time":1741544353,"working_dir":null,"default_chunk_options":{"echo":true},"chunk_rendered_width":700}