"0","results <- data.frame("
"0","  Fold = c(0, 1, 2, 3, 4),"
"0","  C_Index = c(0.5913, 0.5530, 0.4528, 0.6141, 0.3984),"
"0","  Mean_AUC = c(NA, 0.5255, 0.3549, 0.5401, 0.4221),"
"0","  IBS = c(0.1035, 0.0314, 0.0632, 0.0596, 0.0653)"
"0",")"
"0",""
"0","results %>%"
"0","  mutate_if(is.numeric, round, 2) %>%"
"0","  mutate(across(everything(), ~ifelse(is.na(.), ""-"", .))) %>%"
"0","  kbl(booktabs = TRUE) %>%"
"0","  kable_styling(latex_options = c(""HOLD_position"", ""striped""), full_width = FALSE)"
