"0","#install.packages(""haven"")"
"0","#install.packages(""survival"")"
"0","#install.packages(""KMsurv"")"
"0","#install.packages(""dplyr"")"
"0","#install.packages(""survMisc"")"
"0","#install.packages(""lmtest"")"
"0","#install.packages(""pec"")"
"0","#install.packages(""doParallel"")"
"0","#install.packages(""foreach"")"
"0","#install.packages(""survminer"")"
"0","#install.packages(""gridExtra"")"
"0","#install.packages(""SurvMetrics"")"
"0","#install.packages(""timeROC"")"
"0","#install.packages(""kableExtra"")"
"0","#install.packages(""ggplot2"")"
"0","#install.packages(""ggfortify"")"
"0",""
"0","# 패키지 로드"
"0","library(pec)"
"0","library(doParallel)"
"0","library(survival)"
"0","library(KMsurv)"
"0","library(lmtest)"
"0","library(dplyr)"
"0","library(survMisc)"
"0","library(haven)"
"0","library(foreach)"
"0","library(survminer)"
"0","library(gridExtra)"
"0","library(SurvMetrics)"
"0","library(timeROC)"
"0","library(kableExtra)"
"0","library(ggplot2)"
"0","library(ggfortify)"
