"0","raw_data <- read_sav(""1. Survival_Analysis_consult.sav"") %>%"
"0","  mutate(across(where(haven::is.labelled), ~as.numeric(as.factor(.))))"
"0",""
"0","# 설명변수"
"0","covariates <- c("
"0","  ""Sex"","
"0","  ""Age_group"","
"0","  ""type_of_disability_Group2"","
"0","  ""compliance_with_SPT"","
"0","  ""Systemic_disease"","
"0","  ""bone_augmentation_procedure"","
"0","  ""tooth_loss_reason"","
"0","  ""implant_diameter_group"","
"0","  ""implant_length_group"","
"0","  ""implant_site"","
"0","  ""jaw"","
"0","  ""prosthesis_type"","
"0","  ""periodontal_diagnosis_group"""
"0",")"
