"0","DeepSurv_permutation_importances_fold_3 <- read_csv(""DeepSurv_permutation_importances_fold_3.csv"")"
"2","New names:"
"2","[1mRows: [22m[34m17[39m [1mColumns: [22m[34m3[39m"
"2","[36m──[39m [1mColumn specification[22m [36m──────────────────────────────────────────────────────────────[39m
[1mDelimiter:[22m "",""
[31mchr[39m (1): ...1
[32mdbl[39m (2): importances_mean, importances_std"
"2","
[36mℹ[39m Use `spec()` to retrieve the full column specification for this data.
[36mℹ[39m Specify the column types or set `show_col_types = FALSE` to quiet this message."
"0","DeepSurv_permutation_importances_fold_3 %>%"
"0","  rename(c(""X"" = ""...1"")) %>% "
"0","  mutate_if(is.numeric, round, 5) %>%"
"0","  mutate(across(everything(), ~ifelse(is.na(.), ""-"", .))) %>%"
"0","  kbl(booktabs = TRUE) %>%"
"0","  kable_styling(latex_options = c(""HOLD_position"", ""striped""), full_width = FALSE)"
