{"chunk_definitions":[{"row":23,"row_count":1,"visible":true,"expansion_state":0,"options":{"engine":"r","label":"setup","include":false,"dev":"png"},"document_id":"585A2879","chunk_id":"csetup_chunk","chunk_label":"setup"},{"row":121,"row_count":1,"visible":true,"expansion_state":0,"options":{"engine":"r","include":false,"label":"unnamed-chunk-37","dev":"png"},"document_id":"585A2879","chunk_id":"c77b4hjypcd46","chunk_label":"unnamed-chunk-1"},{"row":143,"row_count":1,"visible":true,"expansion_state":0,"options":{"engine":"r","echo":false,"label":"unnamed-chunk-38","dev":"png"},"document_id":"585A2879","chunk_id":"cpazgre4xbt91","chunk_label":"unnamed-chunk-2"},{"row":378,"row_count":1,"visible":true,"expansion_state":0,"options":{"engine":"r","echo":false,"label":"unnamed-chunk-39","dev":"png"},"document_id":"585A2879","chunk_id":"cnxwjdrvvdwkp","chunk_label":"unnamed-chunk-3"},{"row":475,"row_count":1,"visible":true,"expansion_state":0,"options":{"engine":"r","label":"unnamed-chunk-40","dev":"png"},"document_id":"585A2879","chunk_id":"cww044bhd88uz","chunk_label":"unnamed-chunk-8"},{"row":485,"row_count":1,"visible":true,"expansion_state":0,"options":{"engine":"r","echo":false,"label":"unnamed-chunk-41","dev":"png"},"document_id":"585A2879","chunk_id":"con4iuo483iec","chunk_label":"unnamed-chunk-9"},{"row":494,"row_count":1,"visible":true,"expansion_state":0,"options":{"engine":"r","label":"unnamed-chunk-42","dev":"png"},"document_id":"585A2879","chunk_id":"cwj72b5nd7o7b","chunk_label":"unnamed-chunk-10"},{"row":629,"row_count":1,"visible":true,"expansion_state":0,"options":{"engine":"r","fig.width":8,"fig.height":5,"out.width":"60%","fig.align":"center","echo":false,"label":"unnamed-chunk-43","dev":"png"},"document_id":"585A2879","chunk_id":"c4klgrvzxgt04","chunk_label":"unnamed-chunk-11"},{"row":644,"row_count":1,"visible":true,"expansion_state":0,"options":{"engine":"r","echo":false,"out.width":"75%","fig.align":"center","label":"unnamed-chunk-44","dev":"png"},"document_id":"585A2879","chunk_id":"ck7ymslq6jpuv","chunk_label":"unnamed-chunk-12"},{"row":664,"row_count":1,"visible":true,"expansion_state":0,"options":{"engine":"r","echo":false,"label":"unnamed-chunk-45","dev":"png"},"document_id":"585A2879","chunk_id":"cno9ubzksgvq6","chunk_label":"unnamed-chunk-13"},{"row":684,"row_count":1,"visible":true,"expansion_state":0,"options":{"engine":"r","echo":false,"label":"unnamed-chunk-46","dev":"png"},"document_id":"585A2879","chunk_id":"c0ysx6pqnwfbd","chunk_label":"unnamed-chunk-14"},{"row":707,"row_count":1,"visible":true,"expansion_state":0,"options":{"engine":"r","fig.width":8,"fig.height":5,"out.width":"60%","fig.align":"center","echo":false,"label":"unnamed-chunk-47","dev":"png"},"document_id":"585A2879","chunk_id":"c9uu0o3c6a508","chunk_label":"unnamed-chunk-15"},{"row":740,"row_count":1,"visible":true,"expansion_state":0,"options":{"engine":"r","echo":false,"fig.align":"center","out.width":"40%","label":"unnamed-chunk-48","dev":"png"},"document_id":"585A2879","chunk_id":"cgr9hph65foky","chunk_label":"unnamed-chunk-16"},{"row":853,"row_count":1,"visible":true,"expansion_state":0,"options":{"engine":"r","echo":false,"fig.align":"center","out.width":"80%","label":"unnamed-chunk-49","dev":"png"},"document_id":"585A2879","chunk_id":"cb3mub0q9m6mc","chunk_label":"unnamed-chunk-17"},{"row":884,"row_count":1,"visible":true,"expansion_state":0,"options":{"engine":"r","echo":false,"show_col_types":false,"label":"unnamed-chunk-50","dev":"png"},"document_id":"585A2879","chunk_id":"czvv9vt7tw13p","chunk_label":"unnamed-chunk-18"},{"row":910,"row_count":1,"visible":true,"expansion_state":0,"options":{"engine":"r","echo":false,"show_col_types":false,"label":"unnamed-chunk-51","dev":"png"},"document_id":"585A2879","chunk_id":"c7rixihuitykj","chunk_label":"unnamed-chunk-19"},{"row":918,"row_count":1,"visible":true,"expansion_state":0,"options":{"engine":"r","echo":false,"fig.align":"center","out.width":"70%","label":"unnamed-chunk-52","dev":"png"},"document_id":"585A2879","chunk_id":"cipsqexxi9u6c","chunk_label":"unnamed-chunk-20"},{"row":952,"row_count":1,"visible":true,"expansion_state":1,"options":{"engine":"r","echo":false,"show_col_types":false,"label":"unnamed-chunk-53","dev":"png"},"document_id":"585A2879","chunk_id":"cqszhjg5f3dg5","chunk_label":"unnamed-chunk-21"},{"row":976,"row_count":1,"visible":true,"expansion_state":0,"options":{"engine":"r","echo":false,"show_col_types":false,"label":"unnamed-chunk-54","dev":"png"},"document_id":"585A2879","chunk_id":"cco5rspni2q9n","chunk_label":"unnamed-chunk-22"},{"row":984,"row_count":1,"visible":true,"expansion_state":0,"options":{"engine":"r","echo":false,"fig.align":"center","out.width":"70%","label":"unnamed-chunk-55","dev":"png"},"document_id":"585A2879","chunk_id":"c7hqh2fgypekp","chunk_label":"unnamed-chunk-23"},{"row":1018,"row_count":1,"visible":true,"expansion_state":0,"options":{"engine":"r","label":"unnamed-chunk-56","dev":"png"},"document_id":"585A2879","chunk_id":"cnt1ilu0w8u2x","chunk_label":"unnamed-chunk-24"},{"row":1034,"row_count":1,"visible":true,"expansion_state":1,"options":{"engine":"r","label":"unnamed-chunk-57","dev":"png"},"document_id":"585A2879","chunk_id":"cyu4dng1vuxvn","chunk_label":"unnamed-chunk-25"},{"row":1066,"row_count":1,"visible":true,"expansion_state":0,"options":{"engine":"r","fig.align":"center","echo":false,"label":"unnamed-chunk-69","dev":"png"},"document_id":"585A2879","chunk_id":"ckljod76d6tat","chunk_label":"unnamed-chunk-26"}],"doc_write_time":1741375320,"working_dir":null,"default_chunk_options":{"echo":true},"chunk_rendered_width":700}