"0","#result <- global_search_cox_cv(data, time_var = ""fu_total_yr"", "
"0","#                               event_var = ""survival"", covariates = covariates)"
"0","result <- read.csv(""no_frailty_result.csv"")"
"0",""
"0","result %>%"
"0","  mutate_if(is.numeric, round, 2) %>%"
"0","  mutate(across(everything(), ~ifelse(is.na(.), ""-"", .))) %>%"
"0","  kbl(booktabs = TRUE, caption = ""Model Selection Results - without Shared Frailty"") %>%"
"0","  column_spec(2, width = ""8cm"") %>% "
"0","  kable_styling(latex_options = c(""HOLD_position"", ""striped""), full_width = FALSE)"
